substation_id,substation_name,substation_operator,substation_voltage,substation_type,total_capacity_mw,total_energy_mwh,n_plants,n_wind,n_solar,avg_distance_to_substation_m,max_distance_to_substation_m
1002,,,,minor_distribution,0.032,33.6384,1,0,1,411.6495779127413,411.6495779127413
1042,,e.dis,,,69.3,72848.16,3,0,3,3577.4150455803997,3588.622524023222
107,,,,,15.866,30694.339200000002,5,4,1,2190.1826546830484,2802.8598330933232
1107,,,,,27.96694,29398.847328,7,0,7,1345.6263994346543,1895.9868813214064
1110,TrSt Karlstein,E.DIS Netz GmbH,,minor_distribution,42.45,118995.84,9,9,0,1358.2103226420177,1879.848599557109
1111,Bandelow Dorf I,E.DIS Netz GmbH,,minor_distribution,81.9,229582.08000000002,21,21,0,2712.6803970550104,5500.927746227473
1126,,,,generation,4.0,11212.800000000001,2,2,0,1504.511779538474,1504.511779538474
1140,Wendemark Wasserwerk,E.DIS Netz GmbH,,,19.43,54466.176,9,9,0,1211.6199904806983,1866.5963915183722
1141,,,,,5.7,15978.24,1,1,0,5426.054370653441,5426.054370653441
120,Gallinchen GG 4.2.,enviaM RWE,,minor_substation,11.82,12425.184000000001,3,0,3,2044.3083964647255,2044.3314339036965
1217,,,,minor_distribution,58.457143,61450.1487216,2,0,2,1418.2082906283335,1418.2082906283335
1275,,e.dis,,minor_distribution,17.3,48495.36,3,3,0,988.6445344051855,1171.773284472103
1284,,E.DIS Netz,,yes,2.0,5606.400000000001,1,1,0,2898.547666570906,2898.547666570906
1285,Station Brüssow Löcknitzer Straße,E.DIS Netz,,,42.0,117734.40000000001,21,21,0,2393.118855459778,3424.8322336116357
1286,,,,generation,15.5,43449.600000000006,9,9,0,1150.8292876948756,1591.5245676978336
1287,,,,generation,3.0,8409.6,2,2,0,701.6887984848827,883.60000151993
1288,,,,generation,2.0,5606.400000000001,1,1,0,1128.9173003149738,1128.9173003149738
1289,,,,generation,26.078400000000002,33720.814080000004,7,6,1,4723.18416256816,8874.278535597108
1290,,,,generation,23.0,64473.600000000006,12,12,0,5858.455335874813,6456.040257150597
1295,,E.DIS Netz,,,3.0,8409.6,2,2,0,6053.548818542191,6163.455111090493
1305,Wolfshagen Dorf,E.DIS Netz,,,1.5,4204.8,1,1,0,6397.2316212793585,6397.2316212793585
1311,,e.dis,,minor_distribution,4.6,12894.720000000001,2,2,0,1953.675186416985,2077.4350472820147
1313,,,,generation,41.4,116052.48000000001,19,19,0,1748.987711717694,2470.5774787560463
1364,Schaltwerk Nitzahn,DB Energie GmbH,110000,transmission,58.695,61700.183999999994,4,0,4,2866.0867395384785,3277.9100826318004
1389,Umspannwerk Bertikow,50Hertz Transmission,380000,transmission,22.52,63128.064,5,5,0,1912.897683485951,2413.642746780429
1393,,E.DIS Netz GmbH,,minor_distribution,4.0,11212.800000000001,2,2,0,1854.5942787180516,1949.5561023803575
1397,Umspannwerk Willmersdorf,E.DIS Netz GmbH,110000,generation,8.9,24948.480000000003,3,3,0,1762.7895558309945,2651.0234769275703
1402,Etzin,,110000,transmission,28.0,78489.6,14,14,0,1396.0359932179883,2310.8080399394667
1406,Christinendorf,Fa. Breeze Four Energy GmbH & Co. KG,110000;20000,generation,32.5,91104.0,13,13,0,1081.5722621124444,2014.2013851759175
1409,Kemlitz,,110000,transition,4.0,11212.800000000001,2,2,0,4101.885569266334,4192.222165027865
1420,Cottbus/Halde,envia,110000,transmission,4.0,11212.800000000001,2,2,0,308.38663151172375,483.50088688917464
1435,Charlottenfelde,EON_edis,110000,distribution,34.41,96458.112,12,12,0,1674.9120264278706,3207.2304626218756
1436,Güstow,E.DIS Netz,110000,generation,15.350000000000001,43029.12,5,5,0,720.6753506382544,1149.5985122677755
1438,Spremberg,E.DIS Netz GmbH,110000,transmission,0.09309999999999999,97.86671999999999,1,0,1,2349.3402361788985,2349.3402361788985
1449,Cottbus/Nord,,110000,transmission,20.0,56064.00000000001,10,10,0,1104.9508255401158,1975.9164919375087
1466,Dauer,E.DIS Netz GmbH,110000,generation,31.31,87768.19200000001,15,15,0,1375.8213583754962,2439.530835853618
1467,Wilsickow,E.DIS Netz GmbH,110000,distribution,68.5,192019.2,28,28,0,3946.7188116601087,5608.36237210876
1469,Mürow Oberdorf,,110000,generation,67.8,190056.96,15,15,0,3684.040175797767,5373.363114824344
1470,Heinrichsfeld,E.DIS Netz,110000,generation,16.0,44851.200000000004,8,8,0,1429.0149057370088,2044.0781594767197
1492,,Mitnetz Strom,110000,transition,8.4,8830.08,1,0,1,1835.8778269908626,1835.8778269908626
1498,,,,,3.4,9530.880000000001,4,4,0,2446.8004424659425,2873.6110252090375
1518,Beeskow,EON_edis,110000,transmission,2.0,5606.400000000001,1,1,0,601.8990856171143,601.8990856171143
1521,Döbern,,110000,distribution,22.4,62791.68,4,4,0,8780.433639958563,9080.68815921056
1560,,enviaM,,,15.18,15957.216,2,0,2,1369.7560305500422,1726.625502904904
1567,Neukammer,E.DIS Netz GmbH,110000,generation,108.67,251415.50400000002,44,41,3,2903.9298368889567,5376.653104949686
1569,Badingen,EON_edis,110000,generation,9.5,26630.4,5,5,0,1079.2178633277033,1563.1936915432595
158,TrSt Dorfstraße,Eon_edis,,,1.7999999999999998,5045.76,3,3,0,1755.5513014511755,1920.6061992578936
1583,,,110000,distribution,6.63,17481.456000000002,4,3,1,4580.2406327255685,5586.2965482452755
1586,Seelow,E.DIS Netz,110000;20000,distribution,96.74000000000001,234757.488,19,18,1,3500.4837279260064,5213.517748566882
1590,Trafostation,E.DIS Netz GmbH,,,9.8,27471.36,2,2,0,4245.347344446061,4474.52577243949
1598,,,110000,,73.79,77568.048,63,0,63,3852.677147758318,4526.204229448319
1604,UW,LEAG,110000,transmission,8.0,22425.600000000002,4,4,0,1747.9055293210463,2191.319957609225
1613,Umspannstation,,110000,generation,20.0,56064.00000000001,10,10,0,948.3300140280671,1688.6528246048936
1618,Basedow,E.DIS Netz,110000,distribution,3.2,3363.8399999999997,1,0,1,1827.4548457730966,1827.4548457730966
1619,Umspannstation Lüdersdorf,E.DIS Netz GmbH,110000,generation,21.0,58867.200000000004,14,14,0,1838.3058822299045,2695.752126694361
1629,Peitz,enviaM,110000,distribution,46.0,48355.2,37,0,37,1233.4989348518209,1233.4989348518209
163,Tiefenbrunnen 2,eon edis,,,16.0,44851.200000000004,8,8,0,1480.9514822149872,1985.196447688643
1631,,,110000,transition,0.0746,78.41951999999999,1,0,1,1935.2417601288173,1935.2417601288173
1632,Umspannwerk Freienhufen,,110000,distribution,2.4,6727.68,1,1,0,2727.0541861989036,2727.0541861989036
1633,Umspannwerk Kostebrau,,110000,distribution,99.36500000000001,204316.488,23,22,1,2202.6876190966736,3004.635851896924
1642,,,,,3.2,8970.24,1,1,0,4844.372290359466,4844.372290359466
1648,Fürstenwalde Flugplatz,E.DIS Netz,110000,generation,34.72,36497.664000000004,6,0,6,1230.4282693312982,1362.572066212669
1660,UW Solarpark Mixdorf,,110000,transmission,22.79904,23966.350848000002,4,0,4,3580.566082176441,3580.566082176441
1666,Alteno,,110000,generation,2.0,5606.400000000001,1,1,0,5849.661752006436,5849.661752006436
1667,Willmersdorf,BKW Dubener Platte,110000,generation,30.903,39493.2336,8,2,6,2704.491997575934,5197.390556349342
1669,,,110000,transmission,59.7,167351.04,39,39,0,1343.3146674257544,2557.0372119183826
1670,Willmersdorf West,Energiequelle,110000,generation,14.381999999999998,15118.3584,5,0,5,2251.5868223746847,2464.407438405687
1674,,,,,1.0,2803.2000000000003,1,1,0,581.0849593803183,581.0849593803183
1676,,,,,9.711,10208.2032,5,0,5,3693.762004038592,4152.793875955214
168,Schönefeld,eon edis,,,20.8,58306.560000000005,9,9,0,1801.4789679222563,2170.003076273981
1692,Umspannwerk Senftenberg West,,110000,transmission,71.7,75371.04,6,0,6,14.703190850934286,17.61855342572919
1693,Birkholz,E.DIS Netz GmbH,110000,generation,8.0,22425.600000000002,4,4,0,1399.2787425889187,1726.7368236274133
1694,,E.DIS Netz,110000,generation,7.5,21024.0,5,5,0,1259.37796315622,1881.7174694018397
1697,Gratze,E.DIS Netz GmbH,110000,generation,25.6,71761.92000000001,11,11,0,6375.788474535436,7425.892242746217
1703,Heidekrug,E.DIS Netz,110000,distribution,16.0,44851.2,9,9,0,2383.8730869688034,2926.380431088506
1704,Zinndorf,E.DIS Netz,110000,generation,2.0,5606.400000000001,1,1,0,1425.4636097576756,1425.4636097576756
1705,,,110000,generation,5.65,15838.080000000002,3,3,0,1609.5951995809837,1944.1495493104119
1706,Häsen,E.DIS Netz GmbH,110000,transmission,18.0,50457.600000000006,9,9,0,2561.8533121539585,3009.6553361937213
1707,Umspannstation Klein Mutz,E.DIS Netz GmbH,110000,generation,24.15,67697.28,11,11,0,736.5382922838385,1140.1751850257328
1711,Bliesdorf,E.DIS Netz GmbH,110000,generation,40.58,108708.096,24,22,2,1341.5015434745892,2400.2460206508104
1712,Wriezen,,110000,distribution,2.7738,2915.81856,1,0,1,359.77434157868794,359.77434157868794
1713,Wriezen Höhe,E.DIS Netz GmbH,110000,generation,34.46393,87824.883216,17,14,3,5716.4799372858115,7449.316140544914
1716,,,,distribution,57.449999999999996,161043.84,22,22,0,1754.2917891388656,2731.9105760556945
172,Trafostation Wergzahna,Eon_edis,,,6.5,18220.800000000003,4,4,0,3957.3371941458286,5302.159276760058
1722,,,,,7.5,21024.0,3,3,0,4069.4138553808552,4355.7315315401365
1725,,,,distribution,36.3,101756.15999999999,11,11,0,2392.3691102333173,2845.0840182749125
1731,,,110000,generation,69.6724,73239.62688,9,0,9,4993.862472353596,7940.270593784035
1745,Eberswalde 1,E.DIS Netz,110000,generation,80.8819,85023.05328,11,0,11,2650.9412629696267,3493.8259819222776
1746,Neu Rietz,,110000,generation,53.97,151288.704,22,22,0,2471.799455003041,3783.8825603928276
1749,,envia,,distribution,137.17000000000002,182737.104,15,11,4,3646.237989583866,6548.062168812067
1754,,,,,60.0,63072.0,4,0,4,2377.7893043273307,2395.749616356663
1764,Reckahn,,110000,generation,35.765,42852.168000000005,6,2,4,807.897917924634,1250.1426363080407
178,,,,,4.0,11212.800000000001,2,2,0,1868.0182180632528,2052.121196171978
179,,,,,23.619999999999997,66211.584,13,13,0,2077.9372222158686,2627.1458029146097
1794,Pillgram,E.ON edis AG,110000,generation,66.95,187674.24000000002,18,18,0,3437.7795171858975,4529.373478831545
1801,Umspannwerk Kemnitz,,110000,,18.0,50457.600000000006,10,10,0,791.816395224087,1296.1631543317426
1802,Vehlin,E.DIS Netz GmbH,110000,generation,171.775,246970.68,34,21,13,2814.8026262002713,4862.318623978108
1807,Umspannwerk Großräschen,Mitnetz Strom,110000,transmission,4.8,13455.36,2,2,0,1967.6851040040706,2208.658963330861
1809,Schrepkow,E.DIS Netz GmbH,110000,generation,11.0,30835.2,2,2,0,1743.6267499442565,1857.2379548322406
1816,Kantow Nord,E.DIS Netz GmbH,110000,generation,25.0,70080.0,8,8,0,905.8774247574746,1609.7249845228782
1817,Kantow,E.DIS Netz GmbH,110000,generation,30.5,85497.6,13,13,0,1887.338292370188,6180.349980277731
1818,Kränzlin,E.DIS Netz GmbH,110000,generation,34.0,95308.8,18,18,0,1559.905972127947,3125.0677390170486
1839,Beiersdorf,NOTUS,110000,generation,70.9,198746.88,29,29,0,4946.318622864638,7207.360067370792
1854,Trst Am Bahnhof,E.ON,,,20.1,56344.32000000001,9,9,0,1396.6493905008767,1842.228734826578
1868,Möthlitz,,110000,generation,10.0,28032.000000000004,5,5,0,806.2953879385282,1197.1283096473867
1869,Seefeld,E.DIS Netz,110000,generation,4.2,11773.44,1,1,0,2794.8971454308557,2794.8971454308557
1870,Sydower Fließ West,TEWI GmbH & Co. KG,110000,generation,33.5,93907.20000000001,11,11,0,1010.3031020836078,1660.216542694516
1872,,,,,4.5,12614.400000000001,3,3,0,2158.534513676525,2254.3090831277236
1880,,,110000,transition,51.279999999999994,143748.096,9,9,0,3085.020996229453,5640.128694752656
1882,,,,,63.775,178774.08,21,21,0,5877.401089555652,7549.600438288323
1883,,,1000,,7.5,21024.0,5,5,0,1842.756432601595,2026.191645044133
1896,,,,,10.0,28032.000000000004,5,5,0,2659.6092444687056,3131.5660826468043
1898,Umspannstation Proschim,UKA Netz GmbH,110000,distribution,11.225000000000001,31465.920000000002,4,4,0,475.22246650470254,734.1335269542146
1906,,,,,6.0,16819.2,3,3,0,3343.8178565986295,3396.0912232915307
1927,,envvia M,,minor_distribution,12.0,33638.4,4,4,0,1299.1629722549058,1910.0183714521052
193,TrSt WAZ,eon EDIS,,,9.6,26910.72,14,14,0,1741.3248390163997,2335.196578110051
1935,TST 1115,,,,19.0,53260.8,5,5,0,4203.016035378496,4562.22556884114
1944,Wegendorf TS WKA,,,,18.0,50457.600000000006,9,9,0,1760.4441523893954,2100.1148889658493
1947,Baumgarten,E.DIS Netz GmbH,110000,distribution,6.9,19342.08,2,2,0,1175.3592025692637,1263.323034102491
1950,,E.DIS Netz GmbH,15000,minor_distribution,13.5,37843.200000000004,9,9,0,2142.7511450392662,2774.906232942423
1951,,,,,16.5,46252.8,11,11,0,2272.101130058682,2982.732235185648
1965,,E.DIS Netz GmbH,,minor_distribution,126.4,354324.48000000004,38,38,0,3138.134273078733,4963.836418771524
1969,Eckmannsdorf,eon edis,,,22.0,61670.4,14,14,0,1680.0718610792076,2206.2390729912577
1995,Transformatorenturmstation Muehlberg a. d. Elbe,,,minor_distribution,14.350000000000001,15084.719999999998,11,0,11,6766.471257553272,6766.471257553271
1996,,,,minor_distribution,26.475,74214.72,12,12,0,4561.635044431868,5758.623321793324
1997,,,,,9.9,27751.68,4,4,0,1868.6441899316499,2379.8990357583543
2008,,,110000,,1.5,4204.8,1,1,0,2697.076236478062,2697.076236478062
2016,,,,,48.68,122268.576,19,16,3,3294.1989594314487,5414.6352965636925
2017,,,,,102.67,287804.544,50,50,0,4284.487268511887,6166.9226272002925
2037,,,,minor_distribution,40.5,113529.6,10,10,0,1368.8486685246942,1803.0136413239372
2039,,,,minor_distribution,26.5,74284.8,9,9,0,4851.413555095791,5338.276106929202
2048,,,,,54.4,57185.28,11,0,11,3357.7393139679957,3357.7393139679957
205,,EON_edis,110000,,2.0,5606.400000000001,1,1,0,530.9475560047263,530.9475560047263
2070,Trafo,Envia,,,2.0,5606.400000000001,1,1,0,977.3024204637782,977.3024204637782
2075,Schrepkow Nord,E.DIS Netz GmbH,110000,generation,32.129,90064.0128,9,9,0,1818.2105899759747,2290.8727953744715
2076,Kränzlin Nord,E.DIS Netz GmbH,110000,generation,12.0,33638.4,8,8,0,781.0860170776369,1361.0878160234993
2092,,EMIS ENERGY,,,24.48,25733.375999999997,2,0,2,2512.473254328673,2597.3380258294715
2124,,,,,39.1,109605.12000000001,14,14,0,5142.9484682974235,6370.7278568046695
2131,Umspannwerk Roggosen,enviaM,110000,,36.375,38237.4,4,0,4,1543.966672804631,1723.9947153727867
2135,,enviaM,,minor_distribution,9.245,9718.344,1,0,1,3497.926023265098,3497.926023265098
2146,,,,minor_distribution,58.05,162725.76,28,28,0,1551.80962223409,2457.87009583176
2147,,,,,6.3,17660.16,2,2,0,1988.7131628250809,2047.7696761567738
2151,,,,minor_distribution,9.0,25228.800000000003,8,8,0,5555.7759559107135,6236.786856043065
2152,,Wema,,,5.4,15137.28,4,4,0,4663.599125626752,5208.230748219962
2153,,,,minor_distribution,45.9,128666.88,28,28,0,2892.6004038029273,5247.503692630204
2158,,e.dis,,minor_distribution,16.099999999999998,45131.520000000004,7,7,0,1055.1233655633644,1353.1745965033458
2159,Umspannwerk Feldheim,Energiequelle GmbH,110000,,135.2,378992.64,55,55,0,1532.6084418649066,5079.906580167613
2161,,,,minor_distribution,2.0,5606.400000000001,1,1,0,6631.544522236808,6631.544522236808
2163,,,,minor_distribution,3.45,9671.04,1,1,0,1246.2572377372255,1246.2572377372255
2172,,,,minor_distribution,82.8,121728.95999999999,11,9,2,5305.269262632882,6308.367599432364
2173,,,,,16.0,44851.2,5,5,0,1731.1088071707502,1996.9179922447627
2178,,,,minor_distribution,4.5,12614.400000000001,3,3,0,1293.775583368941,1597.5691977821702
2180,,,,minor_distribution,18.0,50457.600000000006,12,12,0,1634.561908214944,2041.4728440431195
221,Wahlsdorf 3,E.DIS Netz GmbH,,minor_distribution,26.41,74032.51199999999,9,9,0,2186.6960699939527,3583.836851343322
2227,,,,minor_distribution,96.5212,207196.28544,30,28,2,3420.450351408888,5629.831409249376
2237,,,,minor_distribution,24.0,67276.8,12,12,0,1212.8574285615712,1529.1246286595242
2238,,,,minor_distribution,14.600000000000001,15347.519999999999,2,0,2,2001.0180359215117,2001.0180359215117
2239,,,,minor_distribution,9.0,25228.800000000003,6,6,0,2051.4401069051974,2661.471271411075
2243,Umspannwerk Wittstock Solar,,110000,distribution,9.0,25228.800000000003,15,15,0,4855.0999709660155,5464.801656219942
2244,,,,minor_distribution,47.0,131750.40000000002,31,31,0,2909.239306717062,6023.899984419044
2257,,,,,8.0,22425.600000000002,4,4,0,3149.3418488704056,3458.8662059369963
2282,Umspannwerk Gransee,50Hertz Transmission GmbH,380000,transmission,2.0,5606.400000000001,1,1,0,1205.6645493455317,1205.6645493455317
2286,,,,minor_distribution,23.725,66505.92,12,12,0,3640.4443177936096,6349.481869312221
2289,Wind-UW Schlalach,Energiequelle,110000,generation,29.9,83815.68000000001,13,13,0,1254.81707878914,2627.4815374890622
2292,,,,,4.0,11212.800000000001,2,2,0,4651.683998625899,4719.061694188117
2304,,,,,37.29,39199.24799999999,1,0,1,5629.466335306074,5629.466335306074
2309,,,,,72.912,76645.09440000002,1,0,1,5102.196212569291,5102.196212569291
2311,Uckley,,110000,generation,46.5,130348.8,13,13,0,1455.9395660522366,2289.5852013154777
2320,,E.DIS,,,74.7,81152.64,4,1,3,7230.3534256573175,7427.11991138566
2328,UW Cremzow,ENERTRAG,110000,distribution,13.8,38684.16,4,4,0,3722.1617800194776,4085.690536729688
2332,Elisenau,ENERCON,110000,generation,20.6,57745.920000000006,6,6,0,598.9160109085013,1301.6729128870354
2340,Schaltpunkt Rietz,E.DIS Netz GmbH,110000,transmission,39.73,111371.136,12,12,0,1799.363960361081,2934.10034995986
2341,Treuenbrietzen Nord,E.DIS Netz GmbH,110000,distribution,12.600000000000001,35320.32,3,3,0,2084.0544830020403,2584.077456755851
2347,Jacobsdorf,MLK,110000,generation,55.75,156278.40000000002,17,17,0,1531.620447291248,2738.0183827406227
2348,Kerkow,ENERCON,110000,generation,24.55,68818.56,6,6,0,845.9001376072578,1643.3857286856219
2350,Sadenbeck,,110000,generation,24.3,68117.76000000001,15,15,0,3585.9981712944837,4432.731228635396
2351,Falkenhagen Nord,E.DIS Netz GmbH,110000,generation,350.6368,598451.80416,57,48,9,7364.262454985197,13106.411721434126
2352,Falkenhagen Süd,E.DIS Netz GmbH,110000;20000,distribution,6.0,16819.2,4,4,0,3043.1998976238197,3342.853305070774
2355,,,110000,,2.4,6727.68,1,1,0,1209.087644121027,1209.087644121027
236,Trafostation,E.ON edis AG,,,10.0,28032.000000000004,5,5,0,5751.328833713648,6196.342137816337
237,,Mitnetz Strom,,,0.135891,142.8486192,3,0,3,1465.3565800872914,1465.3565800872914
2371,,E.DIS Netz GmbH,,minor_distribution,52.8,148008.96000000002,21,21,0,2398.0471590427455,3424.985648056152
2373,,e.dis,110000,generation,61.3,171836.16,29,29,0,1159.9163345076404,2154.900190192408
2378,Umspannwerk Klettwitz,,110000,,48.956,74588.9472,6,4,2,2439.925067731543,2669.6364521456317
2393,,,,minor_distribution,8.4,23546.88,3,3,0,1356.4817828463545,1516.7421320858705
2395,,,,generation,6.3,6622.5599999999995,1,0,1,102.6244622744751,102.6244622744751
2396,,,,generation,13.45,37703.04000000001,6,6,0,5936.155078628627,6535.167342765677
2399,Umspannwerk Schipkau,,110000,,6.6,18501.12,2,2,0,2522.073141887959,2654.245618705508
2422,TS Windkraftanlage Weesow,,,,50.302,52877.4624,1,0,1,1214.561017346017,1214.561017346017
2433,,,,,2.7738,2915.81856,1,0,1,1925.0767820796568,1925.0767820796568
2434,,PROKON,110000,generation,7.2,20183.04,2,2,0,655.9021146257096,1090.7240018235925
2435,,,,minor_distribution,41.400000000000006,116052.48000000001,12,12,0,1461.5938109812166,2622.3685100068456
2441,Transformatorenstation Uhlenhof,,,minor_distribution,12.3,34479.36,5,5,0,1374.366956713249,1651.1456878478418
2443,,,110000,generation,68.775,192790.08,22,22,0,1643.436925385491,2652.2269340907455
2445,,E.DIS Netz GmbH,110000;20000,generation,4.0,11212.800000000001,2,2,0,458.7419476473763,650.4375809626808
2449,,,110000,generation,22.9,64193.280000000006,10,10,0,1428.6706240849064,4408.595333520932
2458,Netzstation Hörlitz,,,,6.0,16819.2,3,3,0,1304.7673688343114,1462.0879349539573
2461,,,,generation,18.0,50457.600000000006,9,9,0,1190.1782379611045,1915.3533927895992
2476,Werneuchen TrSt ZBE,,,,17.599,18500.0688,4,0,4,1515.8292753732073,1751.8546812419822
2494,Gottesgabe Wriezen,E.DIS Netz GmbH,110000,generation,3.9195,4120.1784,2,0,2,540.1241708118134,540.1241708118134
2496,,,110000,transmission,15.3,42888.96000000001,5,5,0,3099.9116633450067,5472.202226960936
2497,,,,,9.5,26630.4,5,5,0,849.328895057889,1343.1109889571958
2498,,,110000,transmission,28.9,81012.48000000001,11,11,0,1096.9499403242883,1785.7623124849301
2514,,,110000,,24.0,67276.8,12,12,0,1561.955276968187,2317.3065295423403
2516,Trafostation Zichtow Dorf MS-Raum/NS-Raum,,,minor_distribution,26.9,75406.08,13,13,0,1799.7236525939286,2244.221383603013
2517,,,,minor_distribution,4.0,11212.800000000001,2,2,0,1957.866255555529,2117.4151053330033
252,,,,,22.0,23126.399999999998,1,0,1,997.6349638632194,997.6349638632194
2521,Umspannwerk Ihlow,E.DIS Netz GmbH,110000,generation,72.138255,166234.933656,24,17,7,6699.798623217374,8348.96396267298
2523,,,,,9.95,27891.840000000004,12,12,0,3213.424673171505,5755.647671305743
2537,,,,,41.599999999999994,116613.12,13,13,0,2125.2823786027575,2829.7548879666024
2541,UW Randowhöhe,ENERTRAG,110000,generation,59.6,167070.72,26,26,0,1582.2983506014752,3735.9344569092937
2553,,,,minor_distribution,3.026,3180.9311999999995,1,0,1,4649.35808945351,4649.35808945351
2557,,,,,26.22,27562.464,6,0,6,1004.2995891779155,1394.5182982030858
2559,,eon,,,2.0,5606.400000000001,1,1,0,1152.2712090937252,1152.2712090937252
2561,,,,minor_distribution,10.7,29994.24,5,5,0,2133.686608295647,2410.5327992708276
2573,,E.DIS Netz,,minor_distribution,12.0,33638.4,2,2,0,2260.8626143082647,2588.6703847919716
2582,Umspannanlage 110kV - Tesla GF4,E.DIS Netz GmbH,110000;20000,industrial,10.645,11190.024000000001,8,0,8,380.92849849798904,650.351135914928
2587,Umspannwerk Albertshof,Berliner Stadtwerke,110000,generation,27.025000000000002,75756.48000000001,9,9,0,1024.7207865397434,1423.332858966935
2664,Uckerthal,E.DIS Netz GmbH,110000,generation,61.515,172438.848,24,24,0,1735.7833461378214,3413.5325174480713
2665,Karlshof,E.DIS Netz GmbH,110000,generation,26.995,75672.384,10,10,0,754.5842226323447,1708.921989545079
267,,,,,14.0,39244.8,7,7,0,895.5652494368609,1349.2969290405865
2671,Umspannwerk Wustermark,50Hertz Transmission,220000,transmission,27.799999999999997,77928.96,13,13,0,1180.323506487755,1851.5563367023103
2674,UW Schönewalde (Energiequelle),Energiequelle,110000,transmission,13.0,36441.600000000006,6,6,0,3262.1678388842215,3653.9959796898684
268,,,,,8.0,22425.600000000002,4,4,0,1055.202031821884,1307.5713926319902
2684,Umspannwerk Tantow,Enertrag,110000,generation,49.3,138197.76,20,20,0,5269.050385122221,6753.4800424566065
269,TrSt Kirche,eon EDIS,,,9.05,25368.960000000003,4,4,0,1453.2523738488248,1850.055867369872
2691,UW Gollmitz,E.DIS Netz GmbH,110000,generation,65.85,184590.72,18,18,0,1272.5628690056617,2046.96606661107
2720,UW Terpe,LEAG,110000,transmission,18.81,19773.071999999996,1,0,1,1017.0289681828044,1017.0289681828044
2770,Wind-UW Sputendorf,Umspannwerk Sputendorf GmbH & Co. KG,110000,generation,21.3,59708.16,4,4,0,547.0481200567882,858.302196187374
2771,Werneuchen,MLK,110000,generation,12.0,33638.4,2,2,0,240.8379324586693,309.2437226455555
2773,UW Semlin,WEMAG,110000,generation,18.65,52279.68,5,5,0,870.8298126716833,1359.416718696129
2782,Petersdorf,,110000,generation,67.55,189356.16,14,14,0,1425.6783548523713,2405.984987212057
2811,UW Alttrebbin,EnBW,,generation,146.0,156979.19999999998,2,1,1,1310.9633720111965,2574.8957932060757
2812,UW Gottesgabe Ost,EnBW,110000,generation,144.0,151372.8,1,0,1,1243.8009202086375,1243.8009202086375
2813,,e.dis,,,69.1,193701.12,42,42,0,2745.0619581516794,4306.932505900831
2820,,,110000,,7.5,21024.0,1,1,0,793.3457528463366,793.3457528463366
2830,,,,minor_distribution,35.465,81711.528,9,8,1,5315.281195370918,5870.150718110512
2835,Umspannwerk Altdöbern,50Hertz Transmission,380000,transmission,36.0,100915.20000000001,15,15,0,2122.1504406257764,3311.4363835952336
2847,Baumgarten Süd,juwi,110000,generation,9.45,26490.24,2,2,0,2189.573304610606,2554.916469220802
2848,Trafostation Papenburg Raststätte,e.dis,,minor_distribution,11.4,31956.48,2,2,0,3443.6445782281667,3614.3539268324016
285,,,,,36.45,102176.64,13,13,0,1893.1891946949067,2525.743242778949
2856,Umspannwerk Ragow,MITNETZ Strom,110000,transmission,0.075,78.84,1,0,1,138.96547038328475,138.96547038328475
2859,,E.DIS Netz GmbH,,minor_distribution,102.6,107853.12,8,0,8,629.3904918640046,629.3904918640046
286,,,,,30.3,84936.96,12,12,0,1052.3812702222856,1476.3954610506642
2860,,,,yes,42.269999999999996,118491.264,22,22,0,1509.1994349520091,2611.4117492015157
2861,,,,yes,3.0,8409.6,2,2,0,373.7409477266772,731.0367498183967
2862,Umspannwerk Woltersdorf,ENERTRAG,110000,distribution,40.0,112128.00000000001,21,21,0,1019.8662014634928,1934.246077746093
2871,,E.DIS,,minor_distribution,25.2,26490.239999999998,1,0,1,1070.6097225813396,1070.6097225813396
288,,,,,18.799999999999997,52700.16,8,8,0,2410.459358272392,3297.4741250602206
289,,,,,14.399999999999999,40366.08,6,6,0,2470.4351838400166,3190.520974071923
2913,Umspannwerk Walsleben,Edis,,,7.5,21024.0,5,5,0,1445.4779219024529,1649.1110738982045
2914,,,,,39.0,109324.8,7,7,0,2098.29168962639,3246.1238908487985
292,,,,,86.488,188327.3856,26,22,4,1923.1867443590522,2971.8497220637432
293,,,,,23.6,66155.52,14,14,0,1738.4225778796156,2528.891816192538
2931,TS Görlsdorf WW,E.DIS,,minor_distribution,4.2,11773.44,1,1,0,2123.8832418795764,2123.8832418795764
2954,,,,,2.1486,2258.60832,4,0,4,186.1496625691974,377.0953984552164
2958,Sieversdorf,MLK,110000,generation,4.0,11212.800000000001,2,2,0,2369.3199485573377,2492.427059013117
2962,,,110000,,20.85,58446.72,8,8,0,4006.6889898410336,4912.346663502154
2973,,,,minor_distribution,0.136,142.9632,2,0,2,401.75402471662846,409.5974153506173
3013,,,,,6.8,19061.760000000002,1,1,0,3135.7437356437163,3135.7437356437163
3015,Klosterdorf,E.DIS Netz GmbH,110000,generation,49.8,52349.759999999995,2,0,2,706.9398244905387,805.3777706579638
3027,,,,measurement,3.3,9250.56,1,1,0,3489.679321693798,3489.679321693798
3028,,,,,2.0,5606.400000000001,2,2,0,141.2495575589911,267.2931410790339
3029,,,,minor_distribution,17.1,47934.72,4,4,0,1506.3808761380697,1923.6337956612147
3032,,,,minor_distribution,6.45,6780.24,1,0,1,1384.3712276529263,1384.3712276529263
3034,,,,minor_distribution,63.915,147902.088,13,11,2,2068.5090695894437,2650.3822453856155
3042,HS-Kabel-Schaltpunkt Trebnitz,E.DIS Netz GmbH,110000,,77.104,81051.7248,2,0,2,4438.637491615612,4438.637491615612
3044,Wilhelmshof,Denker & Wulf,110000,generation,48.8,136796.16,11,11,0,971.5376369473972,2096.6886608692953
3056,,,110000,generation,17.25,48355.200000000004,5,5,0,1784.0800685389866,2972.7985634714846
3062,Jahnkeshof,E.DIS Netz,110000,generation,36.5,102316.8,21,21,0,2511.760086954669,3865.1311631947774
3066,,,,,61.9084,65078.11008,6,0,6,1251.6654867580712,1529.6063697587529
3078,Baumgarten West,MLK,110000,generation,15.875,44500.8,6,6,0,1857.213466625818,2590.8504058181793
313,,,,,44.3,124181.76000000001,22,22,0,4237.069612376964,5120.511262343232
3142,,,,minor_distribution,48.4,135674.88,22,22,0,2231.45518465034,3390.407735605433
3150,Mürow Oberdorf 2,,110000,generation,2.1,5886.72,2,2,0,1544.293123033639,1683.7107726578677
3163,,enviaM,,minor_distribution,51.943,54602.4816,8,0,8,1254.9387279762213,1338.941576470562
3171,,E.DIS Netz,,minor_distribution,7.25,7621.2,1,0,1,1341.4283252684065,1341.4283252684065
3174,,,,minor_distribution,2.8,2943.3599999999997,1,0,1,1046.4574476232203,1046.4574476232203
3185,,E.DIS Netz GmbH,,,13.035,13702.392,1,0,1,1473.9424540776768,1473.9424540776768
3187,PVA Am UW Nauen,,,minor_distribution,18.0,50457.600000000006,9,9,0,3447.8679305223523,4417.686304709933
3208,,E.DIS Netz GmbH,,minor_distribution,12.0,33638.4,8,8,0,2161.129665321014,2751.7403698782678
3209,,E.DIS Netz GmbH,,minor_distribution,15.0,42048.0,10,10,0,2381.827426361035,3144.539002639274
3214,Schiebsdorf,IB Vogt,110000,generation,1.5,4204.8,1,1,0,6009.985575668522,6009.985575668522
3216,,,110000,generation,9.0,25228.800000000003,6,6,0,1437.1826049773808,2072.7572998539936
3220,,enviaM,,minor_distribution,122.92,178269.504,21,5,16,4541.413084108456,8793.026454076033
3221,,,,minor_distribution,26.0,72883.20000000001,13,13,0,1573.747158857288,2080.6825715146692
3225,Hellberge,,110000,generation,33.8,94748.16,17,17,0,1021.6072634732399,1946.5197322470335
3233,UW Seelow Loose,Energiekontor,110000,generation,46.2,48565.439999999995,1,0,1,1045.9136060615342,1045.9136060615342
3243,Umspannwerk Kathlow,,,,14.0,39244.8,7,7,0,1377.7922108413209,1967.0716798644007
3248,,,,generation,64.2,179965.44,29,29,0,1482.4988894884098,2949.701762901353
3266,,,,,15.377,16164.302400000002,1,0,1,54.75775084717159,54.75775084717159
3270,,,,,18.392,19333.6704,1,0,1,107.22223660661503,107.22223660661503
3277,Wichmannsdorf Ost,E.DIS Netz,110000,generation,159.24831,167401.82347199996,3,0,3,552.1839035555557,552.1839035555557
3278,Umspannwerk Bertikow,Enertrag,110000,transmission,73.08,204857.856,20,20,0,2749.6218101993445,4115.617736051962
3283,UW Frieedersdorf,PROKON,110000,generation,4.0,11212.800000000001,2,2,0,436.51093154635316,515.8694828049377
3285,TS Dannenberg Bodenseichen,,,minor_distribution,16.8,47093.76,4,4,0,3734.5562792665523,4209.501634654666
33,,eon,,,2.3,6447.360000000001,1,1,0,3064.404019691955,3064.404019691955
3328,,,,,2.35,6587.52,1,1,0,6128.4346985505035,6128.4346985505035
3342,,,,,1.5,4204.8,1,1,0,15.341469900273069,15.341469900273069
3343,,,,,1.5,4204.8,1,1,0,12.288304617541204,12.288304617541204
3344,,,,,2.0,5606.400000000001,1,1,0,7.966607180167081,7.966607180167081
3345,,,,,1.5,4204.8,1,1,0,14.356774019618074,14.356774019618074
3346,,,,,1.5,4204.8,1,1,0,11.860368675968932,11.860368675968932
3347,,,,,1.5,4204.8,1,1,0,11.189284041572947,11.189284041572947
3348,,,,,3.85,10792.32,2,2,0,125.19817068309908,239.1295251073224
3349,,,,,1.5,4204.8,1,1,0,13.521813857479936,13.521813857479936
3350,,,,,3.5,9811.2,2,2,0,318.00957898448905,369.18861236356463
3354,,,,,2.05,5746.56,1,1,0,13.49081223845806,13.49081223845806
3355,,,,,2.05,5746.56,1,1,0,13.990734536274168,13.990734536274168
3356,,,,,2.05,5746.56,1,1,0,13.534158082752196,13.534158082752196
3357,,,,,22.0,61670.4,4,4,0,390.1811628522555,646.5069687055085
3362,,,,,4.0,11212.800000000001,2,2,0,422.92413963684055,508.4400529978628
3364,,,,,4.0,11212.800000000001,2,2,0,393.6658168578307,401.92477598125976
3365,,,,,5.5,15417.6,1,1,0,349.5651790335247,349.5651790335247
3366,,,,,4.0,11212.800000000001,2,2,0,150.04721295075788,284.5392863478254
3367,,,,,1.5,4204.8,1,1,0,13.243515221710492,13.243515221710492
3368,,,,,1.5,4204.8,1,1,0,13.915619587680393,13.915619587680393
3369,,,,,4.0,11212.800000000001,2,2,0,217.2744023799229,420.04092329633335
3370,,,,,5.5,15417.600000000002,3,3,0,207.76627277483385,309.76330881526206
3371,,,,,6.2,17379.84,3,3,0,325.45296731290017,655.5886789490024
3373,,,,,6.35,17800.32,3,3,0,349.4938074750094,370.306394986699
3374,,,,,4.35,12193.920000000002,2,2,0,552.563077095573,825.1889252019037
3375,,,,,39.2,109885.44,7,7,0,1095.9117585509823,2132.1351642571303
3379,,,,,3.5,9811.2,2,2,0,5013.925748442615,5207.961529583403
3382,UW Görlsdorf,EnBW,110000,generation,33.6,94187.52,8,8,0,1389.5247126319762,2088.057188900989
3383,Umspannwerk Großrössen,,110000,generation,14.2,39805.44,4,4,0,1157.552579414874,1611.687148516809
339,,,,,16.799999999999997,17660.159999999996,12,0,12,4258.226477173535,4258.226477173535
3395,,enviaM,,minor_distribution,2.0,5606.400000000001,1,1,0,2413.360298447408,2413.360298447408
3404,,E.DIS Netz,,,30.43,85301.376,14,14,0,5303.088468441063,6047.742865872301
3409,,E.DIS Netz,,,20.700000000000003,58026.240000000005,6,6,0,1861.3886576175184,2526.0708759832337
3410,,,,,2.0,5606.400000000001,1,1,0,241.6329546984949,241.6329546984949
3411,,,,,2.0,5606.400000000001,1,1,0,958.9960719211673,958.9960719211673
3412,,,,,2.0,5606.400000000001,1,1,0,924.7880689333537,924.7880689333537
3416,,,,,3.45,9671.04,1,1,0,628.7354308974975,628.7354308974975
3417,,,,,22.75,63772.8,8,8,0,779.711954830439,1334.5970194856966
3418,,,,,19.55,54802.560000000005,7,7,0,601.1512566072113,1082.897672011278
3419,,,,,1.5,4204.8,1,1,0,13.130751047760365,13.130751047760365
3420,,,,,1.5,4204.8,1,1,0,13.450582396636968,13.450582396636968
3421,,,,,1.5,4204.8,1,1,0,15.215727217588553,15.215727217588553
3422,,,,,1.5,4204.8,1,1,0,14.161074620845126,14.161074620845126
3423,,,,,3.8,10652.16,2,2,0,80.14756023905086,146.4239567768043
3425,,,,,58.62028,107786.838336,23,11,12,4266.276016072186,7022.687951624769
3426,UW Wuschewier,EnviTec,110000,generation,164.73363999999998,173168.002368,14,0,14,3549.3715976990416,4537.6160381873015
3437,,,,,37.85,106101.12,14,14,0,4061.023784751069,5194.3538999858765
3439,,,,minor_distribution,70.2,196784.64,25,25,0,2903.338225467769,4019.343070955676
3441,,,,generation,22.8,63912.96,4,4,0,4505.338972499837,4698.629342189677
3445,,,,generation,11.4,31956.48,2,2,0,1495.0379937668324,2295.0093201244317
3447,,,,generation,9.0,25228.800000000003,3,3,0,2824.799747710467,3198.006578652253
3448,,,,generation,52.25,54925.2,1,0,1,178.2017813011981,178.2017813011981
3451,Mürow Süd,Teut,110000,generation,19.6,54942.72,5,5,0,1106.4303751558305,2817.478571232205
3464,,,110000,,49.6,139038.72,8,8,0,4068.6614650704423,4661.735966342526
3467,,,,minor_distribution,113.19879999999999,203440.97856,17,15,2,1588.0585092707968,2057.1825708501583
3473,,E.DIS Netz,,minor_distribution,1.5,4204.8,1,1,0,1272.2606183746914,1272.2606183746914
3480,,,,,4.0,11212.800000000001,2,2,0,1870.133930531607,2044.951282987297
3482,,,,,31.68,33302.015999999996,1,0,1,3181.4148968810896,3181.4148968810896
3488,,,110000,,10.512849999999998,11051.107919999997,2,0,2,531.8654466436698,566.7788432639782
3490,,,110000,,7.33,20547.456,3,3,0,1023.5773541603781,1488.112381074906
3492,,,110000,,9.86,27639.552,4,4,0,1713.1006779927486,1810.205314010699
3493,,,110000,,8.3,23266.56,4,4,0,966.9422662494507,1500.6759549839048
3506,,,,minor_distribution,6.15,17239.68,2,2,0,1897.4792390944997,1933.9256739587338
3507,,,,minor_distribution,3.075,8619.84,1,1,0,2316.4190675320597,2316.4190675320597
3508,,,,minor_distribution,45.905,75192.336,6,5,1,1988.4625909332465,2597.5408734410016
3509,,,,minor_distribution,21.525000000000002,60338.880000000005,7,7,0,1952.9743250311972,2446.0127911543186
3518,Stegemannshof Nord 2,Boreas,110000,generation,3.075,8619.84,1,1,0,2126.833684864016,2126.833684864016
3519,,,,minor_distribution,12.0,33638.4,5,5,0,3034.519245226371,3495.830040794663
3524,,,,minor_distribution,2.4,6727.68,1,1,0,2935.053900572919,2935.053900572919
3538,,Trianel,110000,generation,21.799999999999997,61109.76000000001,10,10,0,1332.0987287759544,1815.3705344052687
3539,,,110000,generation,51.327538000000004,82513.1079456,12,8,4,2087.9364028908935,3286.506939886883
3543,Leißnitz,NOTUS,110000,generation,1.5,4204.8,1,1,0,1746.5749421653545,1746.5749421653545
3544,Groß Rietz,enercity,110000,generation,20.0,56064.00000000001,10,10,0,1843.5960446471843,2409.046943827962
357,,,,minor_distribution,2.5,7008.0,1,1,0,1973.8216127385367,1973.8216127385367
370,,,,minor_distribution,3.0,8409.6,2,2,0,4351.581904402787,4745.523265312887
396,,,,minor_distribution,25.9,72602.88,6,6,0,5333.693096755414,6284.152559550596
410,,e.dis,,minor_distribution,20.46,21507.552000000003,2,0,2,1415.830580932266,1449.2223335313402
450,Trafohäuschen mit Getreidefeld,E.DIS,,minor_distribution,16.8,47093.76,4,4,0,1266.9514636967006,1710.476965602936
488,,E.DIS,,minor_distribution,3.3,9250.56,1,1,0,1982.1768848634679,1982.1768848634679
505,,,,generation,1.5,4204.8,1,1,0,12.44154509937359,12.44154509937359
506,,,,generation,1.5,4204.8,1,1,0,12.033978874788891,12.033978874788891
507,,,,generation,1.5,4204.8,1,1,0,10.006606597703955,10.006606597703955
508,,,,generation,1.5,4204.8,1,1,0,12.783378839840543,12.783378839840543
509,,,,generation,1.5,4204.8,1,1,0,9.734550970613318,9.734550970613318
510,,,,generation,1.5,4204.8,1,1,0,7.229769897594546,7.229769897594546
511,,,,generation,1.5,4204.8,1,1,0,19.924106987020963,19.924106987020963
512,,,,generation,1.5,4204.8,1,1,0,46.47666043554648,46.47666043554648
513,,,,generation,1.5,4204.8,1,1,0,13.258505166453363,13.258505166453363
515,,,,generation,1.5,4204.8,1,1,0,13.786288805005537,13.786288805005537
516,,,,generation,3.0,8409.6,2,2,0,224.90435931109144,438.72991683562503
517,,,,generation,5.5,15417.600000000002,3,3,0,331.1293933781471,527.3280767633513
518,,,,generation,3.0,8409.6,2,2,0,12.49074669404412,12.49074669404412
519,,,,generation,3.5,9811.2,2,2,0,209.54168818952547,410.8249614636861
588,,,,,29.33593,30837.929616,3,0,3,1510.3207360589156,1748.1827791882304
673,,,,,26.545797,27904.9418064,5,0,5,1824.483401612765,1905.8191272666788
686,,E.DIS Netz GmbH,,minor_distribution,19.5832,20585.85984,1,0,1,3737.849305315284,3737.849305315284
687,,E.DIS Netz GmbH,,minor_distribution,65.472,68824.16639999999,1,0,1,890.7490678530248,890.7490678530248
781,,Netzgesellschaft Potsdam,,minor_distribution,7.788,8186.7456,1,0,1,265.6380398838988,265.6380398838988
838,,E.DIS Netz GmbH,,minor_distribution,2.3,6447.360000000001,1,1,0,1417.2053217810444,1417.2053217810444
851,,E.DIS Netz GmbH,,minor_distribution,11.4,31956.48,2,2,0,821.7338898410342,962.260298946658
86,KPS Heidehof,,,,110.3,309192.96,52,52,0,1730.9772169291432,3119.418987379117
860,,,,,29.3,82133.76000000001,15,15,0,2585.764664900826,3206.4719898659214
914,,E.DIS Netz GmbH,,,24.45,68538.24,9,9,0,2031.1831677592418,2446.5195875336067
963,,,,minor_distribution,2.1744,2285.7292799999996,2,0,2,2891.3039446429702,2914.0425332559375
99,,,,,12.0,33638.4,6,6,0,2328.066149091183,2830.636416042727
